source_video,speaker_id,word_a,word_b,clip_id_a,clip_id_b,clip_file_a,clip_file_b,start_sec_a,end_sec_a,start_sec_b,end_sec_b,duration_sec_a,duration_sec_b,overlap_sec,overlap_ratio_shorter,overlap_start_sec,overlap_end_sec
C:/Users/Sobaka/Desktop/Lip-reading-demo-dataset/semester4_coursework/dataset_local/ru_dataset/00_raw/raw_video_chunks/spk16/JPqiY3AA8EM_part001/JPqiY3AA8EM_part001.mp4,spk16,значит,есть,JPqiY3AA8EM_part001_000266,JPqiY3AA8EM_part001_000267,C:/Users/Sobaka/Desktop/Lip-reading-demo-dataset/semester4_coursework/dataset_local/ru_dataset/01_intermediate_clips/word_clips_bounded_v3/значит/spk16/JPqiY3AA8EM_part001_000266.mp4,C:/Users/Sobaka/Desktop/Lip-reading-demo-dataset/semester4_coursework/dataset_local/ru_dataset/01_intermediate_clips/word_clips_bounded_v3/есть/spk16/JPqiY3AA8EM_part001_000267.mp4,190.353,190.947,190.72,191.313,0.594,0.593,0.227,0.382799,190.72,190.947
C:/Users/Sobaka/Desktop/Lip-reading-demo-dataset/semester4_coursework/dataset_local/ru_dataset/00_raw/raw_video_chunks/spk16/JPqiY3AA8EM_part006/JPqiY3AA8EM_part006.mp4,spk16,когда,будет,JPqiY3AA8EM_part006_000093,JPqiY3AA8EM_part006_000094,C:/Users/Sobaka/Desktop/Lip-reading-demo-dataset/semester4_coursework/dataset_local/ru_dataset/01_intermediate_clips/word_clips_bounded_v3/когда/spk16/JPqiY3AA8EM_part006_000093.mp4,C:/Users/Sobaka/Desktop/Lip-reading-demo-dataset/semester4_coursework/dataset_local/ru_dataset/01_intermediate_clips/word_clips_bounded_v3/будет/spk16/JPqiY3AA8EM_part006_000094.mp4,66.887,67.513,67.487,68.18,0.626,0.693,0.026,0.041534,67.487,67.513
C:/Users/Sobaka/Desktop/Lip-reading-demo-dataset/semester4_coursework/dataset_local/ru_dataset/00_raw/raw_video_chunks/spk16/JPqiY3AA8EM_part007/JPqiY3AA8EM_part007.mp4,spk16,когда,есть,JPqiY3AA8EM_part007_000225,JPqiY3AA8EM_part007_000226,C:/Users/Sobaka/Desktop/Lip-reading-demo-dataset/semester4_coursework/dataset_local/ru_dataset/01_intermediate_clips/word_clips_bounded_v3/когда/spk16/JPqiY3AA8EM_part007_000225.mp4,C:/Users/Sobaka/Desktop/Lip-reading-demo-dataset/semester4_coursework/dataset_local/ru_dataset/01_intermediate_clips/word_clips_bounded_v3/есть/spk16/JPqiY3AA8EM_part007_000226.mp4,155.187,156.013,155.787,156.48,0.826,0.693,0.226,0.326118,155.787,156.013
C:/Users/Sobaka/Desktop/Lip-reading-demo-dataset/semester4_coursework/dataset_local/ru_dataset/00_raw/raw_video_chunks/spk17/ebsNei9OHxA_part002/ebsNei9OHxA_part002.mp4,spk17,когда,человек,ebsNei9OHxA_part002_000144,ebsNei9OHxA_part002_000145,C:/Users/Sobaka/Desktop/Lip-reading-demo-dataset/semester4_coursework/dataset_local/ru_dataset/01_intermediate_clips/word_clips_bounded_v3/когда/spk17/ebsNei9OHxA_part002_000144.mp4,C:/Users/Sobaka/Desktop/Lip-reading-demo-dataset/semester4_coursework/dataset_local/ru_dataset/01_intermediate_clips/word_clips_bounded_v3/человек/spk17/ebsNei9OHxA_part002_000145.mp4,127.887,129.047,128.82,130.08,1.16,1.26,0.227,0.19569,128.82,129.047
C:/Users/Sobaka/Desktop/Lip-reading-demo-dataset/semester4_coursework/dataset_local/ru_dataset/00_raw/raw_video_chunks/spk19/cCLie_31-Zo_part001/cCLie_31-Zo_part001.mp4,spk19,когда,человек,cCLie_31-Zo_part001_000308,cCLie_31-Zo_part001_000309,C:/Users/Sobaka/Desktop/Lip-reading-demo-dataset/semester4_coursework/dataset_local/ru_dataset/01_intermediate_clips/word_clips_bounded_v3/когда/spk19/cCLie_31-Zo_part001_000308.mp4,C:/Users/Sobaka/Desktop/Lip-reading-demo-dataset/semester4_coursework/dataset_local/ru_dataset/01_intermediate_clips/word_clips_bounded_v3/человек/spk19/cCLie_31-Zo_part001_000309.mp4,259.803,260.363,260.27,260.947,0.56,0.677,0.093,0.166071,260.27,260.363
C:/Users/Sobaka/Desktop/Lip-reading-demo-dataset/semester4_coursework/dataset_local/ru_dataset/00_raw/raw_video_chunks/spk19/cCLie_31-Zo_part003/cCLie_31-Zo_part003.mp4,spk19,человек,когда,cCLie_31-Zo_part003_000333,cCLie_31-Zo_part003_000334,C:/Users/Sobaka/Desktop/Lip-reading-demo-dataset/semester4_coursework/dataset_local/ru_dataset/01_intermediate_clips/word_clips_bounded_v3/человек/spk19/cCLie_31-Zo_part003_000333.mp4,C:/Users/Sobaka/Desktop/Lip-reading-demo-dataset/semester4_coursework/dataset_local/ru_dataset/01_intermediate_clips/word_clips_bounded_v3/когда/spk19/cCLie_31-Zo_part003_000334.mp4,263.903,264.663,264.47,265.03,0.76,0.56,0.193,0.344643,264.47,264.663
C:/Users/Sobaka/Desktop/Lip-reading-demo-dataset/semester4_coursework/dataset_local/ru_dataset/00_raw/raw_video_chunks/spk19/cCLie_31-Zo_part004/cCLie_31-Zo_part004.mp4,spk19,просто,когда,cCLie_31-Zo_part004_000097,cCLie_31-Zo_part004_000098,C:/Users/Sobaka/Desktop/Lip-reading-demo-dataset/semester4_coursework/dataset_local/ru_dataset/01_intermediate_clips/word_clips_bounded_v3/просто/spk19/cCLie_31-Zo_part004_000097.mp4,C:/Users/Sobaka/Desktop/Lip-reading-demo-dataset/semester4_coursework/dataset_local/ru_dataset/01_intermediate_clips/word_clips_bounded_v3/когда/spk19/cCLie_31-Zo_part004_000098.mp4,85.62,86.313,86.27,86.897,0.693,0.627,0.043,0.068581,86.27,86.313
C:/Users/Sobaka/Desktop/Lip-reading-demo-dataset/semester4_coursework/dataset_local/ru_dataset/00_raw/raw_video_chunks/spk19/cCLie_31-Zo_part004/cCLie_31-Zo_part004.mp4,spk19,когда,человек,cCLie_31-Zo_part004_000098,cCLie_31-Zo_part004_000099,C:/Users/Sobaka/Desktop/Lip-reading-demo-dataset/semester4_coursework/dataset_local/ru_dataset/01_intermediate_clips/word_clips_bounded_v3/когда/spk19/cCLie_31-Zo_part004_000098.mp4,C:/Users/Sobaka/Desktop/Lip-reading-demo-dataset/semester4_coursework/dataset_local/ru_dataset/01_intermediate_clips/word_clips_bounded_v3/человек/spk19/cCLie_31-Zo_part004_000099.mp4,86.27,86.897,86.703,87.447,0.627,0.744,0.194,0.30941,86.703,86.897
C:/Users/Sobaka/Desktop/Lip-reading-demo-dataset/semester4_coursework/dataset_local/ru_dataset/00_raw/raw_video_chunks/spk19/cCLie_31-Zo_part005/cCLie_31-Zo_part005.mp4,spk19,есть,время,cCLie_31-Zo_part005_000376,cCLie_31-Zo_part005_000377,C:/Users/Sobaka/Desktop/Lip-reading-demo-dataset/semester4_coursework/dataset_local/ru_dataset/01_intermediate_clips/word_clips_bounded_v3/есть/spk19/cCLie_31-Zo_part005_000376.mp4,C:/Users/Sobaka/Desktop/Lip-reading-demo-dataset/semester4_coursework/dataset_local/ru_dataset/01_intermediate_clips/word_clips_bounded_v3/время/spk19/cCLie_31-Zo_part005_000377.mp4,238.337,238.897,238.703,239.147,0.56,0.444,0.194,0.436937,238.703,238.897
C:/Users/Sobaka/Desktop/Lip-reading-demo-dataset/semester4_coursework/dataset_local/ru_dataset/00_raw/raw_video_chunks/spk19/cCLie_31-Zo_part009/cCLie_31-Zo_part009.mp4,spk19,будет,просто,cCLie_31-Zo_part009_000219,cCLie_31-Zo_part009_000220,C:/Users/Sobaka/Desktop/Lip-reading-demo-dataset/semester4_coursework/dataset_local/ru_dataset/01_intermediate_clips/word_clips_bounded_v3/будет/spk19/cCLie_31-Zo_part009_000219.mp4,C:/Users/Sobaka/Desktop/Lip-reading-demo-dataset/semester4_coursework/dataset_local/ru_dataset/01_intermediate_clips/word_clips_bounded_v3/просто/spk19/cCLie_31-Zo_part009_000220.mp4,160.62,160.997,160.803,161.713,0.377,0.91,0.194,0.514589,160.803,160.997
C:/Users/Sobaka/Desktop/Lip-reading-demo-dataset/semester4_coursework/dataset_local/ru_dataset/00_raw/raw_video_chunks/spk19/cCLie_31-Zo_part009/cCLie_31-Zo_part009.mp4,spk19,когда,человек,cCLie_31-Zo_part009_000370,cCLie_31-Zo_part009_000371,C:/Users/Sobaka/Desktop/Lip-reading-demo-dataset/semester4_coursework/dataset_local/ru_dataset/01_intermediate_clips/word_clips_bounded_v3/когда/spk19/cCLie_31-Zo_part009_000370.mp4,C:/Users/Sobaka/Desktop/Lip-reading-demo-dataset/semester4_coursework/dataset_local/ru_dataset/01_intermediate_clips/word_clips_bounded_v3/человек/spk19/cCLie_31-Zo_part009_000371.mp4,268.637,269.163,269.037,269.713,0.526,0.676,0.126,0.239544,269.037,269.163
