fold_speaker,seed,best_epoch,epochs_completed,validation_loss,validation_accuracy,validation_macro_f1,validation_balanced_accuracy,predicted_classes,unmasked_mstcn_macro_f1,delta_masked_minus_unmasked,training_seconds
spk03,42,8,18,1.002528,0.704918,0.654684,0.632567,10,0.698465,-0.043781,3.946391
spk03,123,14,24,1.019607,0.663934,0.610356,0.588137,10,0.657397,-0.047041,4.802517
spk03,2026,14,24,1.036770,0.655738,0.601412,0.581972,10,0.699259,-0.097847,5.397542
spk17,42,6,16,1.654670,0.550000,0.501297,0.476883,10,0.547482,-0.046185,3.044500
spk17,123,12,22,1.738772,0.556250,0.505690,0.480454,10,0.525563,-0.019873,4.120152
spk17,2026,5,15,1.652772,0.556250,0.519608,0.482905,10,0.551206,-0.031598,2.933569
spk19,42,4,14,1.657731,0.472050,0.490986,0.479128,10,0.537798,-0.046812,3.164308
spk19,123,10,20,1.745884,0.503106,0.503022,0.482836,10,0.504027,-0.001005,3.879078
spk19,2026,4,14,1.748235,0.459627,0.464625,0.452340,10,0.527397,-0.062772,2.676594
