fold_speaker,condition,seed,train_examples,validation_examples,best_epoch,epochs_completed,validation_loss,validation_accuracy,validation_macro_f1,validation_balanced_accuracy,predicted_classes,training_seconds
spk03,original,42,1779,122,8,15,1.368772,0.491803,0.454992,0.494463,10,4.255557
spk03,original+hflip,42,3558,122,8,15,2.107537,0.475410,0.446676,0.452310,10,9.822787
spk03,original,123,1779,122,13,20,1.722433,0.516393,0.485439,0.504394,10,4.740791
spk03,original+hflip,123,3558,122,12,19,2.416140,0.475410,0.413158,0.427786,10,9.888497
spk03,original,2026,1779,122,6,13,1.686079,0.409836,0.357669,0.369031,10,3.094491
spk03,original+hflip,2026,3558,122,28,30,3.080260,0.467213,0.446924,0.459731,10,14.770339
spk17,original,42,1741,160,6,13,1.702387,0.468750,0.427821,0.408613,10,3.159846
spk17,original+hflip,42,3482,160,12,19,2.185375,0.493750,0.428598,0.425424,10,9.627204
spk17,original,123,1741,160,11,18,1.750796,0.456250,0.424293,0.400986,10,4.279744
spk17,original+hflip,123,3482,160,15,22,2.214183,0.506250,0.526133,0.505617,10,10.818638
spk17,original,2026,1741,160,16,23,2.157735,0.525000,0.464766,0.449036,10,5.503086
spk17,original+hflip,2026,3482,160,22,29,2.461412,0.518750,0.494058,0.484405,10,12.945446
spk19,original,42,1740,161,8,15,2.282306,0.329193,0.280764,0.310527,9,4.145863
spk19,original+hflip,42,3480,161,5,12,2.614394,0.217391,0.233140,0.261368,10,4.924834
spk19,original,123,1740,161,9,16,2.802009,0.223602,0.216236,0.250858,10,3.452973
spk19,original+hflip,123,3480,161,14,21,4.843094,0.254658,0.247994,0.299357,9,9.683715
spk19,original,2026,1740,161,5,12,2.133355,0.285714,0.242342,0.287394,9,2.676550
spk19,original+hflip,2026,3480,161,14,21,3.580665,0.329193,0.273483,0.323190,9,9.561342
