variant,seed,validation_accuracy,validation_macro_f1,training_seconds,device
base_v2,42,0.5524,0.5513,5.8,T4
base_v2,123,0.5333,0.5244,4.1,T4
base_v2,2026,0.5524,0.5320,3.8,T4
base_plus_spk16,42,0.5810,0.5595,6.1,T4
base_plus_spk16,123,0.4857,0.4829,3.0,T4
base_plus_spk16,2026,0.5714,0.5588,5.3,T4
base_plus_spk17,42,0.4762,0.4932,4.3,T4
base_plus_spk17,123,0.4571,0.4626,3.4,T4
base_plus_spk17,2026,0.5238,0.4923,3.0,T4
base_plus_spk18,42,0.3524,0.3864,3.5,T4
base_plus_spk18,123,0.4381,0.4628,3.2,T4
base_plus_spk18,2026,0.5619,0.5397,4.4,T4
base_plus_spk19,42,0.5524,0.5420,4.7,T4
base_plus_spk19,123,0.5333,0.5239,4.4,T4
base_plus_spk19,2026,0.4857,0.5146,2.8,T4
