fold_speaker,seed,train_examples,validation_examples,best_epoch,epochs_completed,validation_loss,validation_accuracy,validation_macro_f1,validation_balanced_accuracy,predicted_classes,bigru_hflip_macro_f1,delta_mstcn_minus_bigru,training_seconds
spk03,42,3558,122,33,43,0.995167,0.704918,0.698465,0.690067,10,0.446676,0.251789,5.536848
spk03,123,3558,122,7,17,1.113192,0.688525,0.657397,0.634219,10,0.413158,0.244239,1.998761
spk03,2026,3558,122,18,28,1.007693,0.704918,0.699259,0.689204,10,0.446924,0.252335,2.785784
spk17,42,3482,160,13,23,1.519770,0.587500,0.547482,0.508092,10,0.428598,0.118884,2.243278
spk17,123,3482,160,10,20,1.435895,0.568750,0.525563,0.491858,10,0.526133,-0.000570,1.984948
spk17,2026,3482,160,8,18,1.458008,0.575000,0.551206,0.502621,10,0.494058,0.057148,1.785078
spk19,42,3480,161,5,15,1.510505,0.527950,0.537798,0.522777,10,0.233140,0.304658,1.619271
spk19,123,3480,161,15,25,1.592353,0.509317,0.504027,0.488100,10,0.247994,0.256033,2.977484
spk19,2026,3480,161,9,19,1.543938,0.509317,0.527397,0.511045,10,0.273483,0.253914,1.865730
