fold_speaker,seed,train_examples,validation_examples,best_epoch,epochs_completed,validation_loss,validation_accuracy,validation_macro_f1,validation_balanced_accuracy,predicted_classes,bigru_hflip_macro_f1,delta_dctcn_minus_bigru,training_seconds
spk03,42,3558,122,33,43,1.883593,0.352459,0.329710,0.335152,9,0.446676,-0.116966,5.058462
spk03,123,3558,122,28,38,1.894209,0.327869,0.298047,0.304626,9,0.413158,-0.115111,4.531172
spk03,2026,3558,122,18,28,1.956378,0.336066,0.311544,0.322830,9,0.446924,-0.135380,3.783915
spk17,42,3482,160,30,40,1.911394,0.350000,0.325006,0.314760,10,0.428598,-0.103592,4.535973
spk17,123,3482,160,13,23,1.893672,0.331250,0.297141,0.281596,10,0.526133,-0.228992,2.571932
spk17,2026,3482,160,31,41,1.918514,0.362500,0.329268,0.313659,9,0.494058,-0.164790,5.158166
spk19,42,3480,161,25,35,2.221574,0.242236,0.201958,0.217738,10,0.233140,-0.031182,4.108084
spk19,123,3480,161,27,37,2.195016,0.273292,0.232601,0.247783,10,0.247994,-0.015393,4.191039
spk19,2026,3480,161,32,42,2.214883,0.260870,0.225091,0.239410,10,0.273483,-0.048392,5.176842
