strategy,seed,best_epoch,train_accuracy_at_best,train_loss_at_best,validation_loss,validation_accuracy,validation_macro_f1,validation_balanced_accuracy,predicted_classes,epochs_completed,training_seconds
speaker_word_inverse,42,19,0.966334,0.112852,1.917744,0.571429,0.525659,0.589970,10,26,7.980598
speaker_word_inverse,123,20,0.963177,0.124811,2.215858,0.514286,0.484930,0.507859,10,27,6.701121
speaker_word_inverse,2026,12,0.915308,0.295826,1.529069,0.504762,0.516642,0.549726,10,19,6.435762
speaker_word_sqrt,42,13,0.906891,0.272464,1.614080,0.523810,0.520295,0.528475,10,20,4.794728
speaker_word_sqrt,123,11,0.847975,0.464878,1.765885,0.495238,0.463794,0.505925,10,18,4.307561
speaker_word_sqrt,2026,12,0.914256,0.292470,1.552401,0.571429,0.576270,0.592667,10,19,5.537402
word_inverse,42,10,0.872699,0.417776,1.412483,0.514286,0.560317,0.604248,10,17,4.106436
word_inverse,123,28,0.994740,0.029478,2.341573,0.523810,0.461375,0.480684,10,30,8.029959
word_inverse,2026,24,0.977906,0.084300,1.689284,0.619048,0.624437,0.635268,10,30,7.504393
uniform_shuffle,42,11,0.887954,0.377409,1.348212,0.552381,0.545393,0.584930,10,18,4.661705
uniform_shuffle,123,26,0.986323,0.061099,2.006486,0.580952,0.560324,0.596384,10,30,7.607066
uniform_shuffle,2026,9,0.812730,0.593142,1.423532,0.552381,0.547428,0.579586,10,16,3.831724
