source_video,speaker_id,word_a,word_b,clip_id_a,clip_id_b,clip_file_a,clip_file_b,start_sec_a,end_sec_a,start_sec_b,end_sec_b,duration_sec_a,duration_sec_b,overlap_sec,overlap_ratio_shorter,overlap_start_sec,overlap_end_sec,review_status,notes
C:/Users/Sobaka/Desktop/Lip-reading-demo-dataset/semester4_coursework/dataset_local/ru_dataset/00_raw/raw_video_chunks/spk16/JPqiY3AA8EM_part001/JPqiY3AA8EM_part001.mp4,spk16,значит,есть,JPqiY3AA8EM_part001_000362,JPqiY3AA8EM_part001_000363,C:/Users/Sobaka/Desktop/Lip-reading-demo-dataset/semester4_coursework/dataset_local/ru_dataset/01_intermediate_clips/word_clips_moderate_v3/значит/spk16/JPqiY3AA8EM_part001_000362.mp4,C:/Users/Sobaka/Desktop/Lip-reading-demo-dataset/semester4_coursework/dataset_local/ru_dataset/01_intermediate_clips/word_clips_moderate_v3/есть/spk16/JPqiY3AA8EM_part001_000363.mp4,190.353,190.947,190.72,191.313,0.594,0.593,0.227,0.382799,190.72,190.947,pending,
C:/Users/Sobaka/Desktop/Lip-reading-demo-dataset/semester4_coursework/dataset_local/ru_dataset/00_raw/raw_video_chunks/spk16/JPqiY3AA8EM_part003/JPqiY3AA8EM_part003.mp4,spk16,есть,когда,JPqiY3AA8EM_part003_000278,JPqiY3AA8EM_part003_000279,C:/Users/Sobaka/Desktop/Lip-reading-demo-dataset/semester4_coursework/dataset_local/ru_dataset/01_intermediate_clips/word_clips_moderate_v3/есть/spk16/JPqiY3AA8EM_part003_000278.mp4,C:/Users/Sobaka/Desktop/Lip-reading-demo-dataset/semester4_coursework/dataset_local/ru_dataset/01_intermediate_clips/word_clips_moderate_v3/когда/spk16/JPqiY3AA8EM_part003_000279.mp4,135.887,136.28,136.053,136.88,0.393,0.827,0.227,0.577608,136.053,136.28,pending,
C:/Users/Sobaka/Desktop/Lip-reading-demo-dataset/semester4_coursework/dataset_local/ru_dataset/00_raw/raw_video_chunks/spk16/JPqiY3AA8EM_part007/JPqiY3AA8EM_part007.mp4,spk16,есть,когда,JPqiY3AA8EM_part007_000317,JPqiY3AA8EM_part007_000318,C:/Users/Sobaka/Desktop/Lip-reading-demo-dataset/semester4_coursework/dataset_local/ru_dataset/01_intermediate_clips/word_clips_moderate_v3/есть/spk16/JPqiY3AA8EM_part007_000317.mp4,C:/Users/Sobaka/Desktop/Lip-reading-demo-dataset/semester4_coursework/dataset_local/ru_dataset/01_intermediate_clips/word_clips_moderate_v3/когда/spk16/JPqiY3AA8EM_part007_000318.mp4,134.053,134.48,134.253,134.98,0.427,0.727,0.227,0.531616,134.253,134.48,pending,
C:/Users/Sobaka/Desktop/Lip-reading-demo-dataset/semester4_coursework/dataset_local/ru_dataset/00_raw/raw_video_chunks/spk16/JPqiY3AA8EM_part001/JPqiY3AA8EM_part001.mp4,spk16,значит,есть,JPqiY3AA8EM_part001_000357,JPqiY3AA8EM_part001_000358,C:/Users/Sobaka/Desktop/Lip-reading-demo-dataset/semester4_coursework/dataset_local/ru_dataset/01_intermediate_clips/word_clips_moderate_v3/значит/spk16/JPqiY3AA8EM_part001_000357.mp4,C:/Users/Sobaka/Desktop/Lip-reading-demo-dataset/semester4_coursework/dataset_local/ru_dataset/01_intermediate_clips/word_clips_moderate_v3/есть/spk16/JPqiY3AA8EM_part001_000358.mp4,188.187,188.913,188.687,189.18,0.726,0.493,0.226,0.458418,188.687,188.913,pending,
C:/Users/Sobaka/Desktop/Lip-reading-demo-dataset/semester4_coursework/dataset_local/ru_dataset/00_raw/raw_video_chunks/spk16/JPqiY3AA8EM_part001/JPqiY3AA8EM_part001.mp4,spk16,значит,есть,JPqiY3AA8EM_part001_000368,JPqiY3AA8EM_part001_000369,C:/Users/Sobaka/Desktop/Lip-reading-demo-dataset/semester4_coursework/dataset_local/ru_dataset/01_intermediate_clips/word_clips_moderate_v3/значит/spk16/JPqiY3AA8EM_part001_000368.mp4,C:/Users/Sobaka/Desktop/Lip-reading-demo-dataset/semester4_coursework/dataset_local/ru_dataset/01_intermediate_clips/word_clips_moderate_v3/есть/spk16/JPqiY3AA8EM_part001_000369.mp4,193.753,194.413,194.187,194.68,0.66,0.493,0.226,0.458418,194.187,194.413,pending,
C:/Users/Sobaka/Desktop/Lip-reading-demo-dataset/semester4_coursework/dataset_local/ru_dataset/00_raw/raw_video_chunks/spk16/JPqiY3AA8EM_part007/JPqiY3AA8EM_part007.mp4,spk16,когда,есть,JPqiY3AA8EM_part007_000365,JPqiY3AA8EM_part007_000366,C:/Users/Sobaka/Desktop/Lip-reading-demo-dataset/semester4_coursework/dataset_local/ru_dataset/01_intermediate_clips/word_clips_moderate_v3/когда/spk16/JPqiY3AA8EM_part007_000365.mp4,C:/Users/Sobaka/Desktop/Lip-reading-demo-dataset/semester4_coursework/dataset_local/ru_dataset/01_intermediate_clips/word_clips_moderate_v3/есть/spk16/JPqiY3AA8EM_part007_000366.mp4,155.187,156.013,155.787,156.48,0.826,0.693,0.226,0.326118,155.787,156.013,pending,
C:/Users/Sobaka/Desktop/Lip-reading-demo-dataset/semester4_coursework/dataset_local/ru_dataset/00_raw/raw_video_chunks/spk16/JPqiY3AA8EM_part010/JPqiY3AA8EM_part010.mp4,spk16,может,чтобы,JPqiY3AA8EM_part010_000144,JPqiY3AA8EM_part010_000145,C:/Users/Sobaka/Desktop/Lip-reading-demo-dataset/semester4_coursework/dataset_local/ru_dataset/01_intermediate_clips/word_clips_moderate_v3/может/spk16/JPqiY3AA8EM_part010_000144.mp4,C:/Users/Sobaka/Desktop/Lip-reading-demo-dataset/semester4_coursework/dataset_local/ru_dataset/01_intermediate_clips/word_clips_moderate_v3/чтобы/spk16/JPqiY3AA8EM_part010_000145.mp4,56.987,57.413,57.187,57.713,0.426,0.526,0.226,0.530516,57.187,57.413,pending,
C:/Users/Sobaka/Desktop/Lip-reading-demo-dataset/semester4_coursework/dataset_local/ru_dataset/00_raw/raw_video_chunks/spk17/ebsNei9OHxA_part001/ebsNei9OHxA_part001.mp4,spk17,когда,человек,ebsNei9OHxA_part001_000396,ebsNei9OHxA_part001_000397,C:/Users/Sobaka/Desktop/Lip-reading-demo-dataset/semester4_coursework/dataset_local/ru_dataset/01_intermediate_clips/word_clips_moderate_v3/когда/spk17/ebsNei9OHxA_part001_000396.mp4,C:/Users/Sobaka/Desktop/Lip-reading-demo-dataset/semester4_coursework/dataset_local/ru_dataset/01_intermediate_clips/word_clips_moderate_v3/человек/spk17/ebsNei9OHxA_part001_000397.mp4,234.82,235.28,235.053,235.58,0.46,0.527,0.227,0.493478,235.053,235.28,pending,
C:/Users/Sobaka/Desktop/Lip-reading-demo-dataset/semester4_coursework/dataset_local/ru_dataset/00_raw/raw_video_chunks/spk17/ebsNei9OHxA_part002/ebsNei9OHxA_part002.mp4,spk17,когда,человек,ebsNei9OHxA_part002_000185,ebsNei9OHxA_part002_000186,C:/Users/Sobaka/Desktop/Lip-reading-demo-dataset/semester4_coursework/dataset_local/ru_dataset/01_intermediate_clips/word_clips_moderate_v3/когда/spk17/ebsNei9OHxA_part002_000185.mp4,C:/Users/Sobaka/Desktop/Lip-reading-demo-dataset/semester4_coursework/dataset_local/ru_dataset/01_intermediate_clips/word_clips_moderate_v3/человек/spk17/ebsNei9OHxA_part002_000186.mp4,127.887,129.047,128.82,130.08,1.16,1.26,0.227,0.19569,128.82,129.047,pending,
C:/Users/Sobaka/Desktop/Lip-reading-demo-dataset/semester4_coursework/dataset_local/ru_dataset/00_raw/raw_video_chunks/spk17/ebsNei9OHxA_part004/ebsNei9OHxA_part004.mp4,spk17,человек,есть,ebsNei9OHxA_part004_000083,ebsNei9OHxA_part004_000085,C:/Users/Sobaka/Desktop/Lip-reading-demo-dataset/semester4_coursework/dataset_local/ru_dataset/01_intermediate_clips/word_clips_moderate_v3/человек/spk17/ebsNei9OHxA_part004_000083.mp4,C:/Users/Sobaka/Desktop/Lip-reading-demo-dataset/semester4_coursework/dataset_local/ru_dataset/01_intermediate_clips/word_clips_moderate_v3/есть/spk17/ebsNei9OHxA_part004_000085.mp4,46.653,47.513,47.42,47.747,0.86,0.327,0.093,0.284404,47.42,47.513,pending,
C:/Users/Sobaka/Desktop/Lip-reading-demo-dataset/semester4_coursework/dataset_local/ru_dataset/00_raw/raw_video_chunks/spk17/ebsNei9OHxA_part007/ebsNei9OHxA_part007.mp4,spk17,потом,будет,ebsNei9OHxA_part007_000345,ebsNei9OHxA_part007_000347,C:/Users/Sobaka/Desktop/Lip-reading-demo-dataset/semester4_coursework/dataset_local/ru_dataset/01_intermediate_clips/word_clips_moderate_v3/потом/spk17/ebsNei9OHxA_part007_000345.mp4,C:/Users/Sobaka/Desktop/Lip-reading-demo-dataset/semester4_coursework/dataset_local/ru_dataset/01_intermediate_clips/word_clips_moderate_v3/будет/spk17/ebsNei9OHxA_part007_000347.mp4,201.453,202.013,201.987,202.413,0.56,0.426,0.026,0.061033,201.987,202.013,pending,
C:/Users/Sobaka/Desktop/Lip-reading-demo-dataset/semester4_coursework/dataset_local/ru_dataset/00_raw/raw_video_chunks/spk18/V6mud3MtwaY_part009/V6mud3MtwaY_part009.mp4,spk18,когда,человек,V6mud3MtwaY_part009_000056,V6mud3MtwaY_part009_000057,C:/Users/Sobaka/Desktop/Lip-reading-demo-dataset/semester4_coursework/dataset_local/ru_dataset/01_intermediate_clips/word_clips_moderate_v3/когда/spk18/V6mud3MtwaY_part009_000056.mp4,C:/Users/Sobaka/Desktop/Lip-reading-demo-dataset/semester4_coursework/dataset_local/ru_dataset/01_intermediate_clips/word_clips_moderate_v3/человек/spk18/V6mud3MtwaY_part009_000057.mp4,28.72,29.16,28.92,29.48,0.44,0.56,0.24,0.545455,28.92,29.16,pending,
C:/Users/Sobaka/Desktop/Lip-reading-demo-dataset/semester4_coursework/dataset_local/ru_dataset/00_raw/raw_video_chunks/spk18/V6mud3MtwaY_part009/V6mud3MtwaY_part009.mp4,spk18,когда,человек,V6mud3MtwaY_part009_000066,V6mud3MtwaY_part009_000067,C:/Users/Sobaka/Desktop/Lip-reading-demo-dataset/semester4_coursework/dataset_local/ru_dataset/01_intermediate_clips/word_clips_moderate_v3/когда/spk18/V6mud3MtwaY_part009_000066.mp4,C:/Users/Sobaka/Desktop/Lip-reading-demo-dataset/semester4_coursework/dataset_local/ru_dataset/01_intermediate_clips/word_clips_moderate_v3/человек/spk18/V6mud3MtwaY_part009_000067.mp4,32.6,33.0,32.76,33.36,0.4,0.6,0.24,0.6,32.76,33.0,pending,
C:/Users/Sobaka/Desktop/Lip-reading-demo-dataset/semester4_coursework/dataset_local/ru_dataset/00_raw/raw_video_chunks/spk19/cCLie_31-Zo_part004/cCLie_31-Zo_part004.mp4,spk19,когда,человек,cCLie_31-Zo_part004_000111,cCLie_31-Zo_part004_000112,C:/Users/Sobaka/Desktop/Lip-reading-demo-dataset/semester4_coursework/dataset_local/ru_dataset/01_intermediate_clips/word_clips_moderate_v3/когда/spk19/cCLie_31-Zo_part004_000111.mp4,C:/Users/Sobaka/Desktop/Lip-reading-demo-dataset/semester4_coursework/dataset_local/ru_dataset/01_intermediate_clips/word_clips_moderate_v3/человек/spk19/cCLie_31-Zo_part004_000112.mp4,86.27,86.897,86.703,87.447,0.627,0.744,0.194,0.30941,86.703,86.897,pending,
C:/Users/Sobaka/Desktop/Lip-reading-demo-dataset/semester4_coursework/dataset_local/ru_dataset/00_raw/raw_video_chunks/spk19/cCLie_31-Zo_part005/cCLie_31-Zo_part005.mp4,spk19,есть,время,cCLie_31-Zo_part005_000452,cCLie_31-Zo_part005_000453,C:/Users/Sobaka/Desktop/Lip-reading-demo-dataset/semester4_coursework/dataset_local/ru_dataset/01_intermediate_clips/word_clips_moderate_v3/есть/spk19/cCLie_31-Zo_part005_000452.mp4,C:/Users/Sobaka/Desktop/Lip-reading-demo-dataset/semester4_coursework/dataset_local/ru_dataset/01_intermediate_clips/word_clips_moderate_v3/время/spk19/cCLie_31-Zo_part005_000453.mp4,238.337,238.897,238.703,239.147,0.56,0.444,0.194,0.436937,238.703,238.897,pending,
C:/Users/Sobaka/Desktop/Lip-reading-demo-dataset/semester4_coursework/dataset_local/ru_dataset/00_raw/raw_video_chunks/spk19/cCLie_31-Zo_part009/cCLie_31-Zo_part009.mp4,spk19,будет,просто,cCLie_31-Zo_part009_000248,cCLie_31-Zo_part009_000249,C:/Users/Sobaka/Desktop/Lip-reading-demo-dataset/semester4_coursework/dataset_local/ru_dataset/01_intermediate_clips/word_clips_moderate_v3/будет/spk19/cCLie_31-Zo_part009_000248.mp4,C:/Users/Sobaka/Desktop/Lip-reading-demo-dataset/semester4_coursework/dataset_local/ru_dataset/01_intermediate_clips/word_clips_moderate_v3/просто/spk19/cCLie_31-Zo_part009_000249.mp4,160.62,160.997,160.803,161.713,0.377,0.91,0.194,0.514589,160.803,160.997,pending,
C:/Users/Sobaka/Desktop/Lip-reading-demo-dataset/semester4_coursework/dataset_local/ru_dataset/00_raw/raw_video_chunks/spk19/cCLie_31-Zo_part003/cCLie_31-Zo_part003.mp4,spk19,человек,когда,cCLie_31-Zo_part003_000379,cCLie_31-Zo_part003_000380,C:/Users/Sobaka/Desktop/Lip-reading-demo-dataset/semester4_coursework/dataset_local/ru_dataset/01_intermediate_clips/word_clips_moderate_v3/человек/spk19/cCLie_31-Zo_part003_000379.mp4,C:/Users/Sobaka/Desktop/Lip-reading-demo-dataset/semester4_coursework/dataset_local/ru_dataset/01_intermediate_clips/word_clips_moderate_v3/когда/spk19/cCLie_31-Zo_part003_000380.mp4,263.903,264.663,264.47,265.03,0.76,0.56,0.193,0.344643,264.47,264.663,pending,
C:/Users/Sobaka/Desktop/Lip-reading-demo-dataset/semester4_coursework/dataset_local/ru_dataset/00_raw/raw_video_chunks/spk19/cCLie_31-Zo_part009/cCLie_31-Zo_part009.mp4,spk19,когда,человек,cCLie_31-Zo_part009_000420,cCLie_31-Zo_part009_000421,C:/Users/Sobaka/Desktop/Lip-reading-demo-dataset/semester4_coursework/dataset_local/ru_dataset/01_intermediate_clips/word_clips_moderate_v3/когда/spk19/cCLie_31-Zo_part009_000420.mp4,C:/Users/Sobaka/Desktop/Lip-reading-demo-dataset/semester4_coursework/dataset_local/ru_dataset/01_intermediate_clips/word_clips_moderate_v3/человек/spk19/cCLie_31-Zo_part009_000421.mp4,268.637,269.163,269.037,269.713,0.526,0.676,0.126,0.239544,269.037,269.163,pending,
C:/Users/Sobaka/Desktop/Lip-reading-demo-dataset/semester4_coursework/dataset_local/ru_dataset/00_raw/raw_video_chunks/spk19/cCLie_31-Zo_part001/cCLie_31-Zo_part001.mp4,spk19,когда,человек,cCLie_31-Zo_part001_000369,cCLie_31-Zo_part001_000370,C:/Users/Sobaka/Desktop/Lip-reading-demo-dataset/semester4_coursework/dataset_local/ru_dataset/01_intermediate_clips/word_clips_moderate_v3/когда/spk19/cCLie_31-Zo_part001_000369.mp4,C:/Users/Sobaka/Desktop/Lip-reading-demo-dataset/semester4_coursework/dataset_local/ru_dataset/01_intermediate_clips/word_clips_moderate_v3/человек/spk19/cCLie_31-Zo_part001_000370.mp4,259.803,260.363,260.27,260.947,0.56,0.677,0.093,0.166071,260.27,260.363,pending,
C:/Users/Sobaka/Desktop/Lip-reading-demo-dataset/semester4_coursework/dataset_local/ru_dataset/00_raw/raw_video_chunks/spk19/cCLie_31-Zo_part004/cCLie_31-Zo_part004.mp4,spk19,просто,когда,cCLie_31-Zo_part004_000110,cCLie_31-Zo_part004_000111,C:/Users/Sobaka/Desktop/Lip-reading-demo-dataset/semester4_coursework/dataset_local/ru_dataset/01_intermediate_clips/word_clips_moderate_v3/просто/spk19/cCLie_31-Zo_part004_000110.mp4,C:/Users/Sobaka/Desktop/Lip-reading-demo-dataset/semester4_coursework/dataset_local/ru_dataset/01_intermediate_clips/word_clips_moderate_v3/когда/spk19/cCLie_31-Zo_part004_000111.mp4,85.62,86.313,86.27,86.897,0.693,0.627,0.043,0.068581,86.27,86.313,pending,
C:/Users/Sobaka/Desktop/Lip-reading-demo-dataset/semester4_coursework/dataset_local/ru_dataset/00_raw/raw_video_chunks/spk16/JPqiY3AA8EM_part006/JPqiY3AA8EM_part006.mp4,spk16,когда,будет,JPqiY3AA8EM_part006_000176,JPqiY3AA8EM_part006_000178,C:/Users/Sobaka/Desktop/Lip-reading-demo-dataset/semester4_coursework/dataset_local/ru_dataset/01_intermediate_clips/word_clips_moderate_v3/когда/spk16/JPqiY3AA8EM_part006_000176.mp4,C:/Users/Sobaka/Desktop/Lip-reading-demo-dataset/semester4_coursework/dataset_local/ru_dataset/01_intermediate_clips/word_clips_moderate_v3/будет/spk16/JPqiY3AA8EM_part006_000178.mp4,66.887,67.513,67.487,68.18,0.626,0.693,0.026,0.041534,67.487,67.513,pending,
