source_video,speaker_id,word_a,word_b,clip_id_a,clip_id_b,clip_file_a,clip_file_b,start_sec_a,end_sec_a,start_sec_b,end_sec_b,overlap_sec,overlap_start_sec,overlap_end_sec,review_status,notes
semester4_coursework/dataset_local/ru_dataset/00_raw/raw_video_chunks/spk16/JPqiY3AA8EM_part001/JPqiY3AA8EM_part001.mp4,spk16,значит,есть,JPqiY3AA8EM_part001_000357,JPqiY3AA8EM_part001_000358,semester4_coursework/dataset_local/ru_dataset/01_intermediate_clips/word_clips_padded_v3_new/значит/spk16/JPqiY3AA8EM_part001_000357.mp4,semester4_coursework/dataset_local/ru_dataset/01_intermediate_clips/word_clips_padded_v3_new/есть/spk16/JPqiY3AA8EM_part001_000358.mp4,188.0,189.2,188.5,189.467,0.7,188.5,189.2,pending,
semester4_coursework/dataset_local/ru_dataset/00_raw/raw_video_chunks/spk16/JPqiY3AA8EM_part001/JPqiY3AA8EM_part001.mp4,spk16,значит,есть,JPqiY3AA8EM_part001_000362,JPqiY3AA8EM_part001_000363,semester4_coursework/dataset_local/ru_dataset/01_intermediate_clips/word_clips_padded_v3_new/значит/spk16/JPqiY3AA8EM_part001_000362.mp4,semester4_coursework/dataset_local/ru_dataset/01_intermediate_clips/word_clips_padded_v3_new/есть/spk16/JPqiY3AA8EM_part001_000363.mp4,190.167,191.233,190.533,191.6,0.7,190.533,191.233,pending,
semester4_coursework/dataset_local/ru_dataset/00_raw/raw_video_chunks/spk16/JPqiY3AA8EM_part001/JPqiY3AA8EM_part001.mp4,spk16,значит,есть,JPqiY3AA8EM_part001_000368,JPqiY3AA8EM_part001_000369,semester4_coursework/dataset_local/ru_dataset/01_intermediate_clips/word_clips_padded_v3_new/значит/spk16/JPqiY3AA8EM_part001_000368.mp4,semester4_coursework/dataset_local/ru_dataset/01_intermediate_clips/word_clips_padded_v3_new/есть/spk16/JPqiY3AA8EM_part001_000369.mp4,193.567,194.7,194.0,194.967,0.7,194.0,194.7,pending,
semester4_coursework/dataset_local/ru_dataset/00_raw/raw_video_chunks/spk16/JPqiY3AA8EM_part003/JPqiY3AA8EM_part003.mp4,spk16,есть,когда,JPqiY3AA8EM_part003_000278,JPqiY3AA8EM_part003_000279,semester4_coursework/dataset_local/ru_dataset/01_intermediate_clips/word_clips_padded_v3_new/есть/spk16/JPqiY3AA8EM_part003_000278.mp4,semester4_coursework/dataset_local/ru_dataset/01_intermediate_clips/word_clips_padded_v3_new/когда/spk16/JPqiY3AA8EM_part003_000279.mp4,135.7,136.567,135.867,137.167,0.7,135.867,136.567,pending,
semester4_coursework/dataset_local/ru_dataset/00_raw/raw_video_chunks/spk16/JPqiY3AA8EM_part007/JPqiY3AA8EM_part007.mp4,spk16,есть,когда,JPqiY3AA8EM_part007_000317,JPqiY3AA8EM_part007_000318,semester4_coursework/dataset_local/ru_dataset/01_intermediate_clips/word_clips_padded_v3_new/есть/spk16/JPqiY3AA8EM_part007_000317.mp4,semester4_coursework/dataset_local/ru_dataset/01_intermediate_clips/word_clips_padded_v3_new/когда/spk16/JPqiY3AA8EM_part007_000318.mp4,133.867,134.767,134.067,135.267,0.7,134.067,134.767,pending,
semester4_coursework/dataset_local/ru_dataset/00_raw/raw_video_chunks/spk16/JPqiY3AA8EM_part007/JPqiY3AA8EM_part007.mp4,spk16,когда,есть,JPqiY3AA8EM_part007_000365,JPqiY3AA8EM_part007_000366,semester4_coursework/dataset_local/ru_dataset/01_intermediate_clips/word_clips_padded_v3_new/когда/spk16/JPqiY3AA8EM_part007_000365.mp4,semester4_coursework/dataset_local/ru_dataset/01_intermediate_clips/word_clips_padded_v3_new/есть/spk16/JPqiY3AA8EM_part007_000366.mp4,155.0,156.3,155.6,156.767,0.7,155.6,156.3,pending,
semester4_coursework/dataset_local/ru_dataset/00_raw/raw_video_chunks/spk16/JPqiY3AA8EM_part010/JPqiY3AA8EM_part010.mp4,spk16,может,чтобы,JPqiY3AA8EM_part010_000144,JPqiY3AA8EM_part010_000145,semester4_coursework/dataset_local/ru_dataset/01_intermediate_clips/word_clips_padded_v3_new/может/spk16/JPqiY3AA8EM_part010_000144.mp4,semester4_coursework/dataset_local/ru_dataset/01_intermediate_clips/word_clips_padded_v3_new/чтобы/spk16/JPqiY3AA8EM_part010_000145.mp4,56.8,57.7,57.0,58.0,0.7,57.0,57.7,pending,
semester4_coursework/dataset_local/ru_dataset/00_raw/raw_video_chunks/spk17/ebsNei9OHxA_part001/ebsNei9OHxA_part001.mp4,spk17,когда,человек,ebsNei9OHxA_part001_000396,ebsNei9OHxA_part001_000397,semester4_coursework/dataset_local/ru_dataset/01_intermediate_clips/word_clips_padded_v3_new/когда/spk17/ebsNei9OHxA_part001_000396.mp4,semester4_coursework/dataset_local/ru_dataset/01_intermediate_clips/word_clips_padded_v3_new/человек/spk17/ebsNei9OHxA_part001_000397.mp4,234.633,235.567,234.867,235.867,0.7,234.867,235.567,pending,
semester4_coursework/dataset_local/ru_dataset/00_raw/raw_video_chunks/spk17/ebsNei9OHxA_part002/ebsNei9OHxA_part002.mp4,spk17,когда,человек,ebsNei9OHxA_part002_000185,ebsNei9OHxA_part002_000186,semester4_coursework/dataset_local/ru_dataset/01_intermediate_clips/word_clips_padded_v3_new/когда/spk17/ebsNei9OHxA_part002_000185.mp4,semester4_coursework/dataset_local/ru_dataset/01_intermediate_clips/word_clips_padded_v3_new/человек/spk17/ebsNei9OHxA_part002_000186.mp4,127.7,129.333,128.633,130.367,0.7,128.633,129.333,pending,
semester4_coursework/dataset_local/ru_dataset/00_raw/raw_video_chunks/spk17/ebsNei9OHxA_part004/ebsNei9OHxA_part004.mp4,spk17,человек,есть,ebsNei9OHxA_part004_000083,ebsNei9OHxA_part004_000085,semester4_coursework/dataset_local/ru_dataset/01_intermediate_clips/word_clips_padded_v3_new/человек/spk17/ebsNei9OHxA_part004_000083.mp4,semester4_coursework/dataset_local/ru_dataset/01_intermediate_clips/word_clips_padded_v3_new/есть/spk17/ebsNei9OHxA_part004_000085.mp4,46.467,47.8,47.233,48.033,0.567,47.233,47.8,pending,
semester4_coursework/dataset_local/ru_dataset/00_raw/raw_video_chunks/spk17/ebsNei9OHxA_part007/ebsNei9OHxA_part007.mp4,spk17,потом,будет,ebsNei9OHxA_part007_000345,ebsNei9OHxA_part007_000347,semester4_coursework/dataset_local/ru_dataset/01_intermediate_clips/word_clips_padded_v3_new/потом/spk17/ebsNei9OHxA_part007_000345.mp4,semester4_coursework/dataset_local/ru_dataset/01_intermediate_clips/word_clips_padded_v3_new/будет/spk17/ebsNei9OHxA_part007_000347.mp4,201.267,202.3,201.8,202.7,0.5,201.8,202.3,pending,
semester4_coursework/dataset_local/ru_dataset/00_raw/raw_video_chunks/spk17/ebsNei9OHxA_part006/ebsNei9OHxA_part006.mp4,spk17,когда,будет,ebsNei9OHxA_part006_000117,ebsNei9OHxA_part006_000119,semester4_coursework/dataset_local/ru_dataset/01_intermediate_clips/word_clips_padded_v3_new/когда/spk17/ebsNei9OHxA_part006_000117.mp4,semester4_coursework/dataset_local/ru_dataset/01_intermediate_clips/word_clips_padded_v3_new/будет/spk17/ebsNei9OHxA_part006_000119.mp4,72.333,73.3,72.833,73.733,0.467,72.833,73.3,pending,
semester4_coursework/dataset_local/ru_dataset/00_raw/raw_video_chunks/spk17/ebsNei9OHxA_part007/ebsNei9OHxA_part007.mp4,spk17,потом,будет,ebsNei9OHxA_part007_000365,ebsNei9OHxA_part007_000367,semester4_coursework/dataset_local/ru_dataset/01_intermediate_clips/word_clips_padded_v3_new/потом/spk17/ebsNei9OHxA_part007_000365.mp4,semester4_coursework/dataset_local/ru_dataset/01_intermediate_clips/word_clips_padded_v3_new/будет/spk17/ebsNei9OHxA_part007_000367.mp4,208.6,209.633,209.167,210.133,0.466,209.167,209.633,pending,
semester4_coursework/dataset_local/ru_dataset/00_raw/raw_video_chunks/spk17/ebsNei9OHxA_part003/ebsNei9OHxA_part003.mp4,spk17,когда,есть,ebsNei9OHxA_part003_000212,ebsNei9OHxA_part003_000215,semester4_coursework/dataset_local/ru_dataset/01_intermediate_clips/word_clips_padded_v3_new/когда/spk17/ebsNei9OHxA_part003_000212.mp4,semester4_coursework/dataset_local/ru_dataset/01_intermediate_clips/word_clips_padded_v3_new/есть/spk17/ebsNei9OHxA_part003_000215.mp4,159.867,161.067,161.033,162.033,0.034,161.033,161.067,pending,
semester4_coursework/dataset_local/ru_dataset/00_raw/raw_video_chunks/spk18/V6mud3MtwaY_part009/V6mud3MtwaY_part009.mp4,spk18,когда,человек,V6mud3MtwaY_part009_000056,V6mud3MtwaY_part009_000057,semester4_coursework/dataset_local/ru_dataset/01_intermediate_clips/word_clips_padded_v3_new/когда/spk18/V6mud3MtwaY_part009_000056.mp4,semester4_coursework/dataset_local/ru_dataset/01_intermediate_clips/word_clips_padded_v3_new/человек/spk18/V6mud3MtwaY_part009_000057.mp4,28.52,29.46,28.72,29.78,0.74,28.72,29.46,pending,
semester4_coursework/dataset_local/ru_dataset/00_raw/raw_video_chunks/spk18/V6mud3MtwaY_part009/V6mud3MtwaY_part009.mp4,spk18,когда,человек,V6mud3MtwaY_part009_000066,V6mud3MtwaY_part009_000067,semester4_coursework/dataset_local/ru_dataset/01_intermediate_clips/word_clips_padded_v3_new/когда/spk18/V6mud3MtwaY_part009_000066.mp4,semester4_coursework/dataset_local/ru_dataset/01_intermediate_clips/word_clips_padded_v3_new/человек/spk18/V6mud3MtwaY_part009_000067.mp4,32.4,33.3,32.56,33.66,0.74,32.56,33.3,pending,
semester4_coursework/dataset_local/ru_dataset/00_raw/raw_video_chunks/spk18/V6mud3MtwaY_part007/V6mud3MtwaY_part007.mp4,spk18,когда,есть,V6mud3MtwaY_part007_000371,V6mud3MtwaY_part007_000374,semester4_coursework/dataset_local/ru_dataset/01_intermediate_clips/word_clips_padded_v3_new/когда/spk18/V6mud3MtwaY_part007_000371.mp4,semester4_coursework/dataset_local/ru_dataset/01_intermediate_clips/word_clips_padded_v3_new/есть/spk18/V6mud3MtwaY_part007_000374.mp4,188.76,189.7,189.32,190.34,0.38,189.32,189.7,pending,
semester4_coursework/dataset_local/ru_dataset/00_raw/raw_video_chunks/spk19/cCLie_31-Zo_part003/cCLie_31-Zo_part003.mp4,spk19,человек,когда,cCLie_31-Zo_part003_000379,cCLie_31-Zo_part003_000380,semester4_coursework/dataset_local/ru_dataset/01_intermediate_clips/word_clips_padded_v3_new/человек/spk19/cCLie_31-Zo_part003_000379.mp4,semester4_coursework/dataset_local/ru_dataset/01_intermediate_clips/word_clips_padded_v3_new/когда/spk19/cCLie_31-Zo_part003_000380.mp4,263.75,264.917,264.317,265.283,0.6,264.317,264.917,pending,
semester4_coursework/dataset_local/ru_dataset/00_raw/raw_video_chunks/spk19/cCLie_31-Zo_part004/cCLie_31-Zo_part004.mp4,spk19,когда,человек,cCLie_31-Zo_part004_000111,cCLie_31-Zo_part004_000112,semester4_coursework/dataset_local/ru_dataset/01_intermediate_clips/word_clips_padded_v3_new/когда/spk19/cCLie_31-Zo_part004_000111.mp4,semester4_coursework/dataset_local/ru_dataset/01_intermediate_clips/word_clips_padded_v3_new/человек/spk19/cCLie_31-Zo_part004_000112.mp4,86.117,87.15,86.55,87.7,0.6,86.55,87.15,pending,
semester4_coursework/dataset_local/ru_dataset/00_raw/raw_video_chunks/spk19/cCLie_31-Zo_part005/cCLie_31-Zo_part005.mp4,spk19,есть,время,cCLie_31-Zo_part005_000452,cCLie_31-Zo_part005_000453,semester4_coursework/dataset_local/ru_dataset/01_intermediate_clips/word_clips_padded_v3_new/есть/spk19/cCLie_31-Zo_part005_000452.mp4,semester4_coursework/dataset_local/ru_dataset/01_intermediate_clips/word_clips_padded_v3_new/время/spk19/cCLie_31-Zo_part005_000453.mp4,238.183,239.15,238.55,239.4,0.6,238.55,239.15,pending,
semester4_coursework/dataset_local/ru_dataset/00_raw/raw_video_chunks/spk19/cCLie_31-Zo_part009/cCLie_31-Zo_part009.mp4,spk19,будет,просто,cCLie_31-Zo_part009_000248,cCLie_31-Zo_part009_000249,semester4_coursework/dataset_local/ru_dataset/01_intermediate_clips/word_clips_padded_v3_new/будет/spk19/cCLie_31-Zo_part009_000248.mp4,semester4_coursework/dataset_local/ru_dataset/01_intermediate_clips/word_clips_padded_v3_new/просто/spk19/cCLie_31-Zo_part009_000249.mp4,160.467,161.25,160.65,161.967,0.6,160.65,161.25,pending,
semester4_coursework/dataset_local/ru_dataset/00_raw/raw_video_chunks/spk19/cCLie_31-Zo_part009/cCLie_31-Zo_part009.mp4,spk19,когда,человек,cCLie_31-Zo_part009_000420,cCLie_31-Zo_part009_000421,semester4_coursework/dataset_local/ru_dataset/01_intermediate_clips/word_clips_padded_v3_new/когда/spk19/cCLie_31-Zo_part009_000420.mp4,semester4_coursework/dataset_local/ru_dataset/01_intermediate_clips/word_clips_padded_v3_new/человек/spk19/cCLie_31-Zo_part009_000421.mp4,268.483,269.417,268.883,269.967,0.534,268.883,269.417,pending,
semester4_coursework/dataset_local/ru_dataset/00_raw/raw_video_chunks/spk19/cCLie_31-Zo_part001/cCLie_31-Zo_part001.mp4,spk19,когда,человек,cCLie_31-Zo_part001_000369,cCLie_31-Zo_part001_000370,semester4_coursework/dataset_local/ru_dataset/01_intermediate_clips/word_clips_padded_v3_new/когда/spk19/cCLie_31-Zo_part001_000369.mp4,semester4_coursework/dataset_local/ru_dataset/01_intermediate_clips/word_clips_padded_v3_new/человек/spk19/cCLie_31-Zo_part001_000370.mp4,259.65,260.617,260.117,261.2,0.5,260.117,260.617,pending,
semester4_coursework/dataset_local/ru_dataset/00_raw/raw_video_chunks/spk19/cCLie_31-Zo_part004/cCLie_31-Zo_part004.mp4,spk19,просто,когда,cCLie_31-Zo_part004_000110,cCLie_31-Zo_part004_000111,semester4_coursework/dataset_local/ru_dataset/01_intermediate_clips/word_clips_padded_v3_new/просто/spk19/cCLie_31-Zo_part004_000110.mp4,semester4_coursework/dataset_local/ru_dataset/01_intermediate_clips/word_clips_padded_v3_new/когда/spk19/cCLie_31-Zo_part004_000111.mp4,85.467,86.567,86.117,87.15,0.45,86.117,86.567,pending,
semester4_coursework/dataset_local/ru_dataset/00_raw/raw_video_chunks/spk16/JPqiY3AA8EM_part006/JPqiY3AA8EM_part006.mp4,spk16,когда,будет,JPqiY3AA8EM_part006_000176,JPqiY3AA8EM_part006_000178,semester4_coursework/dataset_local/ru_dataset/01_intermediate_clips/word_clips_padded_v3_new/когда/spk16/JPqiY3AA8EM_part006_000176.mp4,semester4_coursework/dataset_local/ru_dataset/01_intermediate_clips/word_clips_padded_v3_new/будет/spk16/JPqiY3AA8EM_part006_000178.mp4,66.7,67.8,67.3,68.467,0.5,67.3,67.8,pending,
semester4_coursework/dataset_local/ru_dataset/00_raw/raw_video_chunks/spk16/JPqiY3AA8EM_part010/JPqiY3AA8EM_part010.mp4,spk16,есть,просто,JPqiY3AA8EM_part010_000044,JPqiY3AA8EM_part010_000047,semester4_coursework/dataset_local/ru_dataset/01_intermediate_clips/word_clips_padded_v3_new/есть/spk16/JPqiY3AA8EM_part010_000044.mp4,semester4_coursework/dataset_local/ru_dataset/01_intermediate_clips/word_clips_padded_v3_new/просто/spk16/JPqiY3AA8EM_part010_000047.mp4,17.767,18.667,18.2,19.2,0.467,18.2,18.667,pending,
semester4_coursework/dataset_local/ru_dataset/00_raw/raw_video_chunks/spk16/JPqiY3AA8EM_part004/JPqiY3AA8EM_part004.mp4,spk16,когда,есть,JPqiY3AA8EM_part004_000044,JPqiY3AA8EM_part004_000046,semester4_coursework/dataset_local/ru_dataset/01_intermediate_clips/word_clips_padded_v3_new/когда/spk16/JPqiY3AA8EM_part004_000044.mp4,semester4_coursework/dataset_local/ru_dataset/01_intermediate_clips/word_clips_padded_v3_new/есть/spk16/JPqiY3AA8EM_part004_000046.mp4,23.833,24.833,24.367,25.3,0.466,24.367,24.833,pending,
semester4_coursework/dataset_local/ru_dataset/00_raw/raw_video_chunks/spk16/JPqiY3AA8EM_part004/JPqiY3AA8EM_part004.mp4,spk16,есть,просто,JPqiY3AA8EM_part004_000586,JPqiY3AA8EM_part004_000588,semester4_coursework/dataset_local/ru_dataset/01_intermediate_clips/word_clips_padded_v3_new/есть/spk16/JPqiY3AA8EM_part004_000586.mp4,semester4_coursework/dataset_local/ru_dataset/01_intermediate_clips/word_clips_padded_v3_new/просто/spk16/JPqiY3AA8EM_part004_000588.mp4,295.833,296.767,296.333,297.633,0.434,296.333,296.767,pending,
semester4_coursework/dataset_local/ru_dataset/00_raw/raw_video_chunks/spk16/JPqiY3AA8EM_part009/JPqiY3AA8EM_part009.mp4,spk16,значит,просто,JPqiY3AA8EM_part009_000274,JPqiY3AA8EM_part009_000276,semester4_coursework/dataset_local/ru_dataset/01_intermediate_clips/word_clips_padded_v3_new/значит/spk16/JPqiY3AA8EM_part009_000274.mp4,semester4_coursework/dataset_local/ru_dataset/01_intermediate_clips/word_clips_padded_v3_new/просто/spk16/JPqiY3AA8EM_part009_000276.mp4,125.8,127.567,127.133,128.167,0.434,127.133,127.567,pending,
semester4_coursework/dataset_local/ru_dataset/00_raw/raw_video_chunks/spk16/JPqiY3AA8EM_part009/JPqiY3AA8EM_part009.mp4,spk16,есть,чтобы,JPqiY3AA8EM_part009_000202,JPqiY3AA8EM_part009_000205,semester4_coursework/dataset_local/ru_dataset/01_intermediate_clips/word_clips_padded_v3_new/есть/spk16/JPqiY3AA8EM_part009_000202.mp4,semester4_coursework/dataset_local/ru_dataset/01_intermediate_clips/word_clips_padded_v3_new/чтобы/spk16/JPqiY3AA8EM_part009_000205.mp4,94.667,95.533,95.1,96.1,0.433,95.1,95.533,pending,
